"county","precinct","bc","rv","vtp","dem","wf","constitution","independence","green","gop","american","libertarian","sttotal","clinton","castle","mcmullin","stein","trump","skewes","johnson","potustotal","dixon","bledsoe","scott","scarborough","senwritein","sentotal","cleveland","duncan","housewritein","housetotal"
"pickens","Stone Church",728,1191,61.1251049538203,113,4,0,1,1,123,0,3,245,347,0,27,14,287,10,35,720,292,18,398,5,0,713,316,380,2,698
"pickens","University",386,826,46.7312348668281,47,0,0,0,0,73,1,3,124,155,0,8,6,175,17,20,381,119,14,240,5,1,379,137,230,1,368
"pickens","Morrison",676,1307,51.7214996174445,74,1,1,3,1,123,2,9,214,285,3,17,9,293,15,41,663,209,23,424,2,1,659,234,412,1,647
"pickens","Abel",508,1031,49.2725509214355,148,3,0,5,0,65,3,3,227,269,0,13,6,175,9,31,503,232,11,235,5,2,485,247,228,1,476
"pickens","Calhoun",535,1329,40.2558314522197,93,1,0,4,3,95,5,6,207,261,2,7,8,211,7,33,529,200,29,287,5,1,522,221,290,1,512
"pickens","Clemson",1017,1741,58.4147041929925,137,2,0,2,2,205,1,4,353,424,6,23,4,480,19,37,993,319,15,635,8,0,977,357,596,3,956
"pickens","Issaqueena",457,904,50.5530973451327,74,0,0,5,2,80,0,1,162,202,2,11,3,199,18,15,450,165,9,273,7,0,454,181,263,2,446
"pickens","West Central",448,1249,35.8686949559648,74,3,1,9,4,85,1,7,184,182,1,21,7,196,2,36,445,159,22,249,2,0,432,168,255,1,424
"pickens","North Central",638,1058,60.3024574669187,59,2,0,3,4,204,2,4,278,161,4,15,7,425,5,16,633,129,19,465,3,1,617,138,466,0,604
"pickens","Pike",573,1030,55.6310679611651,81,1,1,7,2,132,3,5,232,202,2,11,7,321,8,16,567,169,15,369,2,1,556,187,356,0,543
"pickens","Lawrence Chapel",768,1200,64,46,1,1,4,3,219,1,3,278,186,3,14,4,515,12,28,762,133,15,590,4,0,742,153,578,1,732
"pickens","Norris",702,1154,60.8318890814558,50,2,0,1,1,294,1,0,349,100,0,4,6,574,4,9,697,100,16,558,5,1,680,82,589,0,671
"pickens","Six Mile",848,1406,60.3129445234708,30,3,1,2,2,335,1,3,377,97,4,6,3,713,5,15,843,94,17,703,5,0,819,87,718,0,805
"pickens","Six Mile Mountain",894,1445,61.8685121107266,34,3,0,4,1,287,4,1,334,128,8,19,3,702,3,21,884,105,19,729,8,2,863,108,743,2,853
"pickens","Praters Creek",528,872,60.5504587155963,12,3,0,3,1,206,2,0,227,33,3,5,6,473,0,6,526,36,13,462,4,0,515,32,478,0,510
"pickens","Mountain View",754,1453,51.892635925671,39,2,0,0,1,265,0,3,310,120,2,7,5,594,2,18,748,97,11,624,4,0,736,100,627,2,729
"pickens","Albert R. Lewis",749,1282,58.4243369734789,18,9,0,4,0,213,5,1,250,79,4,3,4,632,3,15,740,76,24,616,6,3,725,63,659,1,723
"pickens","Holly Springs",843,1434,58.7866108786611,48,4,0,5,2,277,2,3,341,131,2,7,12,669,1,12,834,128,17,669,2,1,817,121,681,0,802
"pickens","Pumpkintown",929,1494,62.1820615796519,65,6,0,5,2,302,2,1,383,147,4,13,3,738,2,14,921,149,25,718,8,0,900,141,745,4,890
"pickens","Griffin",931,1421,65.5172413793103,31,7,2,9,0,312,4,1,366,89,4,4,6,798,1,19,921,106,34,757,11,0,908,92,799,2,893
"pickens","North Pickens",739,1342,55.0670640834575,15,8,0,4,2,240,1,5,275,66,2,5,3,641,0,17,734,63,20,634,6,0,723,57,658,0,715
"pickens","West Pickens",803,1421,56.5095003518649,47,8,0,4,2,237,6,0,304,116,1,4,4,660,3,12,800,114,24,634,6,1,779,105,665,2,772
"pickens","South Pickens",607,1178,51.528013582343,68,5,0,7,1,176,5,0,262,144,1,6,3,435,0,15,604,129,11,427,6,0,573,128,437,0,565
"pickens","East Pickens",720,1252,57.5079872204473,24,2,0,4,2,222,5,2,261,58,3,2,7,625,2,15,712,55,14,618,6,1,694,50,625,0,675
"pickens","Glassy Mountain",723,1265,57.1541501976285,24,6,0,3,2,237,2,4,278,61,1,3,7,627,2,13,714,64,15,614,7,0,700,60,626,0,686
"pickens","Cedar Rock",761,1232,61.7694805194805,31,1,1,0,1,330,0,0,364,84,3,4,1,650,2,15,759,75,9,656,8,0,748,69,667,0,736
"pickens","Skelton",698,1155,60.4329004329004,23,8,0,3,1,227,2,1,265,65,1,10,3,603,2,7,691,62,16,600,4,0,682,59,613,0,672
"pickens","Rices Creek",717,1261,56.8596352101507,28,3,0,5,1,296,1,1,335,88,1,4,5,602,3,13,716,86,21,589,1,1,698,85,609,1,695
"pickens","West Liberty",749,1285,58.2879377431907,27,8,1,4,3,284,4,2,333,81,1,15,2,628,2,15,744,83,18,625,1,3,730,75,648,1,724
"pickens","East Liberty",673,1145,58.7772925764192,46,7,0,5,0,240,4,5,307,99,0,2,2,543,3,16,665,97,20,522,7,1,647,86,552,3,641
"pickens","Flat Rock",744,1269,58.628841607565,46,6,0,2,2,318,8,4,386,100,0,7,4,605,3,22,741,94,20,597,6,0,717,90,615,1,706
"pickens","Zion",610,1188,51.3468013468013,48,2,0,2,0,233,2,1,288,88,4,12,2,482,1,13,602,79,9,500,4,0,592,82,511,0,593
"pickens","Smith Grove",548,934,58.6723768736617,44,5,1,7,1,216,1,4,279,97,4,6,2,419,0,18,546,90,10,431,4,0,535,91,435,0,526
"pickens","Arial Mill",587,1089,53.9026629935721,37,4,0,5,3,204,4,2,259,78,1,8,2,481,3,10,583,80,14,475,5,0,574,73,489,0,562
"pickens","Simpson",546,1296,42.1296296296296,177,10,2,5,0,114,2,0,310,265,3,8,1,254,2,11,544,253,9,258,3,1,524,244,264,0,508
"pickens","Woodside",821,1499,54.7698465643762,116,6,1,5,1,235,6,1,371,235,5,8,6,524,3,22,803,216,16,557,4,2,795,211,567,0,778
"pickens","Brushy Creek",985,1608,61.2562189054726,92,3,3,8,2,325,2,4,439,196,5,8,5,721,1,41,977,161,23,768,6,1,959,169,776,0,945
"pickens","Pickensville",616,1138,54.1300527240773,50,4,0,5,4,226,0,0,289,123,2,3,6,453,0,22,609,107,17,474,1,0,599,114,477,1,592
"pickens","Easley",654,1304,50.1533742331288,62,3,0,3,0,229,2,5,304,145,2,9,3,473,0,20,652,111,18,500,6,0,635,123,500,0,623
"pickens","Forest Acres",517,1002,51.5968063872255,60,2,1,2,4,171,2,1,243,122,0,5,7,363,0,12,509,115,8,378,3,1,505,118,382,1,501
"pickens","Crestview",700,1170,59.8290598290598,31,2,0,2,3,251,0,2,291,117,3,7,8,539,0,21,695,82,14,590,1,0,687,84,598,0,682
"pickens","Sitton",866,1393,62.1679827709978,80,1,0,1,2,293,1,4,382,176,1,10,2,641,2,24,856,139,17,686,2,1,845,137,692,1,830
"pickens","Rock Springs",712,1213,58.6974443528442,59,3,0,0,1,251,2,2,318,135,1,11,6,533,3,15,704,117,13,559,7,0,696,117,566,0,683
"pickens","Saluda",689,1208,57.0364238410596,79,5,0,4,2,290,4,1,385,136,2,7,7,519,0,10,681,132,15,518,6,0,671,119,541,0,660
"pickens","Crosswell",893,1467,60.8725289706885,67,3,0,4,2,373,5,2,456,140,3,7,3,713,3,20,889,128,20,719,9,1,877,134,733,2,869
"pickens","Georges Creek",660,1076,61.3382899628253,54,1,1,2,0,259,0,1,318,122,2,3,4,509,0,17,657,103,15,526,1,3,648,103,534,2,639
"pickens","McKissick",696,1324,52.5679758308157,82,1,2,4,0,231,1,3,324,178,5,8,7,480,0,10,688,146,13,509,2,1,671,149,512,0,661
"pickens","Vinland",651,1052,61.8821292775665,26,0,0,2,2,328,1,1,360,80,0,4,3,549,1,11,648,68,12,552,2,0,634,71,557,0,628
"pickens","Crossroads",776,1253,61.9313647246608,25,3,3,2,3,299,2,2,339,89,4,3,5,656,3,13,773,72,15,658,6,0,751,71,664,0,735
"pickens","Dacusville",687,1073,64.0260950605778,36,2,0,4,1,286,1,1,331,95,2,2,3,572,0,12,686,83,16,575,2,0,676,80,588,0,668
"pickens","Nine Forks",796,1235,64.4534412955466,30,9,1,0,1,323,2,0,366,74,5,5,6,692,1,8,791,78,15,685,3,1,782,65,697,3,765
"pickens","South Central",606,1246,48.6356340288925,125,7,0,2,5,147,4,1,291,237,0,17,10,308,4,25,601,209,17,352,3,1,582,222,351,1,574
"pickens","Crescent Hill",694,1289,53.8401861908456,13,1,2,2,2,224,3,3,250,75,6,3,8,581,4,12,689,52,13,601,5,2,673,52,605,1,658
"pickens","North Liberty",627,1140,55,49,3,0,4,1,239,2,3,301,100,2,3,4,489,0,25,623,99,12,496,2,3,612,97,506,2,605
"pickens","Pendleton",594,1029,57.7259475218659,28,2,0,1,1,249,2,1,284,65,1,2,4,503,1,17,593,60,18,496,5,0,579,62,513,0,575
"pickens","Fruit Mountain",556,931,59.7207303974221,43,5,0,2,1,218,4,1,274,90,0,6,1,435,0,19,551,86,10,436,6,1,539,77,458,0,535
"pickens","Pope Field",525,984,53.3536585365854,60,1,0,3,2,143,1,2,212,117,1,9,5,376,1,11,520,104,9,393,2,1,509,107,395,2,504
"pickens","Sheffield",800,1384,57.8034682080925,66,6,0,0,1,233,0,3,309,167,1,8,2,603,1,13,795,116,15,650,1,0,782,120,651,1,772
"pickens","Tri County",333,576,57.8125,34,1,1,2,0,105,0,3,146,75,2,4,2,237,0,11,331,67,9,251,2,0,329,70,254,1,325
"pickens","McAllister",564,1168,48.2876712328767,64,5,1,3,1,191,1,1,267,118,3,3,3,414,2,14,557,96,10,438,3,2,549,102,442,0,544
"pickens","Lenhart",635,1039,61.11645813282,61,1,1,5,3,230,0,0,301,135,4,8,5,469,0,8,629,110,9,490,1,1,611,117,483,1,601
